人员编号,特征码
P0000,C59tzEr6
P0001,CN3ZraSC
P0002,CTk9bCr5
P0003,CDomP2ht
P0004,CTSywPgD
P0005,CG7qBLax
P0006,CTSywPgD
P0007,C7qdpjkE
P0008,CImT1EPU
P0009,CPW5l8K1
P0010,CdqXs0wh
P0011,CkEDLRs4
P0012,CTSywPgD
P0013,CoYl6VEd
P0014,C9YRXTcd
P0015,CoYl6VEd
P0016,CTGw8aiH
P0017,CpFiBTRd
P0018,CbHI4RVB
P0019,CJIvapBz
P0020,CDlbAqo9
P0021,CYuLPibf
P0022,CLwBJWEX
P0023,CvJ5cXnV
P0024,ChVi37EF
P0025,CAOXKczB
P0026,C3UpTXlA
P0027,CgVb1S5f
P0028,CmHQTgA0
P0029,C7qdpjkE
P0030,C3UpTXlA
P0031,CtReoF3h
P0032,CDlbAqo9
P0033,CoYl6VEd
P0034,C9YRXTcd
P0035,CntTRebC
P0036,CImT1EPU
P0037,CpFiBTRd
P0038,CgkCjBhd
P0039,CJIvapBz
P0040,CKSL9ig4
P0041,CzTDj3xu
P0042,CfVlothX
P0043,CsSAfYjl
P0044,C82s7b90
P0045,Clo3miaj
P0046,CKSL9ig4
P0047,CoYl6VEd
P0048,C93qJAx2
P0049,CZrI9HF8
P0050,CAmLxZaP
P0051,Co6FYucj
P0052,CxTZJ0MQ
P0053,CI2VWvNH
P0054,CrgGmuE3
P0055,COKwZvMQ
P0056,CBF3kPIw
P0057,CnBeQG47
P0058,CTf7OKsi
P0059,Cji4pMTk
P0060,CX75C9bt
P0061,CcFk23aQ
P0062,CgWoQ6Ui
P0063,CujziCbU
P0064,CgxwVXoj
P0065,CDIFfh61
P0066,CO3klDmy
P0067,CNTPZMvq
P0068,CUl4qpkV
P0069,CmFGlJ7U
P0070,CWJYh0zD
P0071,Cxujg8nU
P0072,CvlmFnPC
P0073,CSk0nthB
P0074,C9IlTP3e
P0075,CITzj3nm
P0076,CHmjnMYB
P0077,ChbFXLEn
P0078,CbUXv3OL
P0079,CcCMbZ7s
P0080,Coy1uflG
P0081,CobpyZjf
P0082,CoLeMC0G
P0083,CZaUR6VM
P0084,CU2qWbR4
P0085,CGVpjWtA
P0086,CR3yA7HC
P0087,C6wS3pxs
P0088,CrUd4DCA
P0089,CAm5jEw2
P0090,C9S07Z3v
P0091,CrpTLz0N
P0092,CXVm0tvG
P0093,CekgSE0T
P0094,CDRbOGmg
P0095,C4RzjhVC
P0096,CDg2ReAm
P0097,CPv6Sxbe
P0098,CTMgGche
P0099,CsIv3ir5
P0100,CMynLTQB
P0101,C3PaEj4R
P0102,CV7rZy1U
P0103,Ce0zmR71
P0104,C0C1Mu6w
P0105,CT9rR35k
P0106,CESPkWah
P0107,CCjUQxVf
P0108,C7w3A8es
P0109,CUBrxFov
P0110,CAD8OZUG
P0111,CogduKn5
P0112,CBbrMJsC
P0113,Cq2PgQW0
P0114,CVRbKTZs
P0115,CTYVrIJ5
P0116,CYdyGrQ8
P0117,CWc3Jzqd
P0118,Ct1lugFT
P0119,CDsGajAI
P0120,CriBx0LH
P0121,CdHoxPzl
P0122,ClY3qz5j
P0123,CzSopF9U
P0124,CjmKf4Ye
P0125,CGcRIgTL
P0126,C480gCG1
P0127,C4LtC6hk
P0128,CTPlBi3p
P0129,CJEm0Pgd
P0130,CYCUaMcj
P0131,CwzMibjU
P0132,CEvyaHXJ
P0133,CAtxKw1Z
P0134,CXRlTv0u
P0135,CyDQXLFi
P0136,CW18Un0V
P0137,CxMVQjlY
P0138,CWc3Jzqd
P0139,CW5lQHr1
P0140,CUuxseWT
P0141,CGcRIgTL
P0142,CyvsXD3m
P0143,CdTpjfLe
P0144,C4M9nHI8
P0145,C3PaEj4R
P0146,CMQNfys2
P0147,CZjXWu4w
P0148,CNR8X6M2
P0149,CoyVgUzH
P0150,CWmUgwtE
P0151,CZmUcQSq
P0152,C4nc9WbH
P0153,C1rOI8Xd
P0154,Ce8VZnAg
P0155,Cy8xFMjw
P0156,ClpZqyiM
P0157,CbC6n5oV
P0158,CqCegR7H
P0159,CsL0y2QM
P0160,Co0yR1dD
P0161,CW7eJr6R
P0162,CqCegR7H
P0163,CI51CiRe
P0164,CYdjWOpw
P0165,CJ5CTS76
P0166,Cjbt9Wfy
P0167,CMPDsuoA
P0168,CPZ8RSgQ
P0169,CMIcJbRo
P0170,CpRmNeF7
P0171,CUwdkKBe
P0172,CZVaj5Jh
P0173,C02OrKFL
P0174,CE9q1CYx
P0175,CUwdkKBe
P0176,CYL5mdNB
P0177,CX1qAUSC
P0178,CnaxJRg4
P0179,C0SqA9pX
P0180,C5SNM394
P0181,CMUcLVOy
P0182,Cjbt9Wfy
P0183,CTevAHM7
P0184,Cjbt9Wfy
P0185,CLlUTMpz
P0186,CcJ3yPCh
P0187,CtQbzsv4
P0188,CEXMskKi
P0189,CNe3nFyB
P0190,CXcmspt2
P0191,CNXMUd8z
P0192,CIFb5Ehx
P0193,CMUcLVOy
P0194,CqCegR7H
P0195,CpgkqXS1
P0196,Ctj8YSZU
P0197,Cb52eWSt
P0198,CizcKmoA
P0199,ChbC4S2r
P0200,C5K2n4kT
P0201,CjGVzADf
P0202,Cams49ty
P0203,CriPU5gu
P0204,C84eENzk
P0205,C6nBHIXY
P0206,C4oj2Pzx
P0207,CKmBu9aU
P0208,C2dzwbMa
P0209,Cg9F1IaA
P0210,CpKuBbYj
P0211,CXpDO8Qa
P0212,CrsYcTZl
P0213,CkdgS12r
P0214,CuvsHayL
P0215,CKYP193e
P0216,CM79eCAd
P0217,CMDqzIRY
P0218,CFfPvykW
P0219,CxYzc1t2
P0220,CSh37lQK
P0221,CTwrY0bU
P0222,CS9l2sZv
P0223,CnFiqVPz
P0224,Ci3sKxuG
P0225,CTlyGKUH
P0226,CW3i9DeK
P0227,C4yeMGVS
P0228,CExhJnVt
P0229,CjOir53U
P0230,C89FBg7X
P0231,CrcV7Tpb
P0232,CVdFxeuh
P0233,CsbxZSND
P0234,CgSQP7dw
P0235,C92imZhK
P0236,Cos4P7Sj
P0237,CfOsF5AL
P0238,CY9Xt3pZ
P0239,C3ZHwyza
P0240,CAbfVweQ
P0241,CX3OTKSk
P0242,Cwf8amqh
P0243,COViejBG
P0244,C7DcBTl8
P0245,C41gvsnr
P0246,C5hG7o3M
P0247,CHDlpx3N
P0248,CldbEOVJ
P0249,CkO5mCMW
P0250,CO2qb3vL
P0251,CDL8RiPd
P0252,CiwBYVIA
P0253,Cm4dLIGo
P0254,CijHV3hw
P0255,CSbPzNLA
P0256,CaCdgD7G
P0257,C1BoGPuh
P0258,Cn5a7F2w
P0259,CAH7JjRs
P0260,Crai5NwM
P0261,C8CqXvHz
P0262,CBGarwed
P0263,CO3asG4L
P0264,CDNBP1iF
P0265,C7jDFL8o
P0266,Ci8XNWxS
P0267,C5sSParw
P0268,CcpCt2TA
P0269,CRvkbu6L
P0270,CDIWEwa5
P0271,CVSGhsWe
P0272,CPZA2IhJ
P0273,Cs1EP0od
P0274,Cfzyl5cI
P0275,CQrueT0U
P0276,C2lrI39G
P0277,CAG1qjw5
P0278,CFc0WZoL
P0279,CqH2W8S1
P0280,CnIxZhFE
P0281,CAZJoF43
P0282,CKVhCrs2
P0283,CTg3uHUq
P0284,CE53gJhi
P0285,CBAkPxs0
P0286,C5oamgqT
P0287,C8FtLYKP
P0288,CqgZnTBk
P0289,CNaf10xZ
P0290,C6PufBbz
P0291,COQ2v0Et
P0292,CdNE5zH1
P0293,C3XDlWkI
P0294,CaDI5pu7
P0295,CCla7rdD
P0296,CUkSOpBP
P0297,CbBMiVPk
P0298,CPTbycOZ
P0299,ClcewBoU
P0300,CWVuPXBg
P0301,CceOEbnK
P0302,CePjc7A8
P0303,CbBMiVPk
P0304,Ck3qvBEb
P0305,CcOwYBsR
P0306,CkNhUDzl
P0307,CINakQ1v
P0308,CmLxwlSI
P0309,CjI7Egbu
P0310,CmREGweZ
P0311,CY3rASxM
P0312,CG92J76T
P0313,C3PHnQbe
P0314,Cbfj1eZW
P0315,CUBfjOAF
P0316,CcpCt2TA
P0317,CSj21XgM
P0318,CMdU9BO1
P0319,CGJjMdPe
P0320,CsHm90wt
P0321,CuPiOkKr
P0322,CGghCKdE
P0323,Cg8HX7l1
P0324,Cg4ZVAIY
P0325,CpTYajtL
P0326,CtCYAgxU
P0327,CgwsJcjz
P0328,Cq64YHcy
P0329,CLJbRdf2
P0330,CRMj9Bpy
P0331,C26zYFGA
P0332,CGjQ7YR9
P0333,CvNf1FLg
P0334,C4DShxej
P0335,CB0arxT4
P0336,CMutSRkT
P0337,CkzjpJIf
P0338,C9yWDT2B
P0339,CbsPwMB0
P0340,Cr5gNzbP
P0341,CSNf1Apl
P0342,C3CHoDOE
P0343,Ce5ACryW
P0344,C2uWMdj6
P0345,CzJklTXC
P0346,CleJu5YD
P0347,CpEwGHe9
P0348,ChFInaK8
P0349,CbTtinLE
P0350,CD2wcJz6
P0351,CjtMBRkG
P0352,C97FuvI8
P0353,C63b8p74
P0354,CUDIkVya
P0355,CawkTu8j
P0356,CAnVoZCr
P0357,CbDoTeIx
P0358,CaD4I3KS
P0359,Cr8itmlQ
P0360,C7GBwXAY
P0361,CmTU8OWQ
P0362,Ch7Kkwms
P0363,CsojJmaW
P0364,CaCdgD7G
P0365,CJcEpjni
P0366,CZY9MQu8
P0367,CwHOk6BS
P0368,CAMRm6VG
P0369,CPbw56hB
P0370,C6I7Nbrc
P0371,CuIkX9qt
P0372,CFRGSoKk
P0373,CARQcg9Y
P0374,CWu8sr4E
P0375,CLrxXibw
P0376,CugLyHBf
P0377,CR5rDY2c
P0378,C4blnP1K
P0379,CXqjpLgN
P0380,Cm4dLIGo
P0381,CyqWMzxe
P0382,C0DublFM
P0383,Cm7xNIEv
P0384,CNoILAGD
P0385,CeUkg8Y5
P0386,Cx24fCls
P0387,CiWpByKe
P0388,C4HrkAWX
P0389,Cp2ck3JB
P0390,CZLUBj26
P0391,CibYBfh9
P0392,CpoFZnj8
P0393,CAeydoqh
P0394,CfXa67dH
P0395,CXvRK3QA
P0396,CS3kwmRi
P0397,C7jDFL8o
P0398,Cv3tIpmU
P0399,CBTg5UkN
P0400,CEjvs6RF
P0401,CtQZwTod
P0402,C7GBwXAY
P0403,CvhHWnOs
P0404,CujqP72i
P0405,CwFNQj8f
P0406,CxXhUk2j
P0407,CKm6H2iL
P0408,CtXlkCce
P0409,CBAkPxs0
P0410,COE5hxis
P0411,CLbMVlqt
P0412,CmWTZSHg
P0413,C5OV1gzK
P0414,Cgb5wXMV
P0415,CNd2Zr5R
P0416,CUONo6Gs
P0417,CuhPJVam
P0418,CRK0bLJw
P0419,CpTzjg16
P0420,CHj0ecwT
P0421,CVTCpria
P0422,CD2wcJz6
P0423,CO7EzJaZ
P0424,CREAcJ3x
P0425,C0JBh1kT
P0426,CQkMrdF6
P0427,CMCXikY1
P0428,C6dOBLec
P0429,CgC7ULWe
P0430,CVzK75fY
P0431,CV9uiCSa
P0432,CVLvjAzE
P0433,CriPU5gu
P0434,CiwBYVIA
P0435,C6MgZtS8
P0436,CLsOldWK
P0437,CR5rDY2c
P0438,Cng746UA
P0439,CMNOSv1a
P0440,Cc5Z6BaV
P0441,Cv3Z7gpk
P0442,Ch5rkMP3
P0443,CsjHP0zu
P0444,CsGIu91N
P0445,CB7cxhqC
P0446,CTzHemjI
P0447,CcbMLFaX
P0448,CAnVoZCr
P0449,CqslcRgz
P0450,C8srXpmd
P0451,CvSkxnXl
P0452,Cams49ty
P0453,C53ZUQck
P0454,CM4LsPTR
P0455,Ch5uvVTi
P0456,C9gJOXxo
P0457,CxM3oZS0
P0458,CXoQtlUf
P0459,CMNOSv1a
P0460,CzX5hCwl
P0461,CkldNaZA
P0462,C2t9xiVb
P0463,CDCpaVxE
P0464,CHWeMmqF
P0465,CxAM0GqJ
P0466,CURCcJGa
P0467,C93vfRiU
P0468,CGkgMOzo
P0469,C6eQ0caJ
P0470,CYA4hiGb
P0472,C0U6YvoR
P0473,CFJRk9Gs
P0474,CwY8zXtG
P0475,CKjhcfnE
P0476,C4lgSsN2
P0477,ChBN18uW
P0478,Cj9K0Ywv
P0479,CS7WOTCL
P0480,CTP2jw14
P0481,C1dgzGOP
P0482,CEOyrv7T
P0483,CIBovQuR
P0484,CJxgi2UA
P0485,CTcCZ6kL
P0486,C7o8jYdB
P0487,C8joEJLI
P0488,CnPOBlJz
P0489,Cu7JvIOz
P0490,CE4RYlG0
P0491,CLYNznd8
P0492,CBbmRUHY
P0493,CupWRqBs
P0494,C3b5coQ9
P0495,Ci5uQjg7
P0496,CtnZCyR3
P0497,CB3EpL5h
P0498,Cd2mhgOJ
P0499,Ct3LMvwk
P0500,CUb9QKJ2
P0501,CcfwQpeU
P0502,CeMGzcqN
P0503,Clgp3odE
P0504,CWkt0Nj4
P0505,CrQ2BSg7
P0506,CLxHtiGB
P0507,CX6efId5
P0508,CBkZ018L
P0509,CGq4c7DR
P0510,CmMFHdis
P0511,CDCpaVxE
P0512,CCU08xcy
P0513,CrRj4zOW
P0514,Cf5YtG3v
P0515,CFtb57wp
P0516,C2Xpyez5
P0518,CVkTCcHN
P0519,CB0arxT4
P0520,CVoFmfAj
P0521,C9MBAnd2
P0522,CYeCRUEd
P0523,CxVoKEur
P0524,COpobICN
P0525,CS2HhvVj
P0526,CMGRAxvl
P0527,Cen2U9zD
P0528,C0U6YvoR
P0529,CEi9RFLM
P0530,Cgd6lSNQ
P0531,CGJjMdPe
P0532,CxdK7B6c
P0533,CeXijH85
P0534,C3eHDQaL
P0535,CYnWRGmS
P0536,Co4uVX91
P0537,Cb53POrp
P0538,CBPjM3tS
P0539,CsuMEY9S
P0540,C9w4BmFS
P0541,CigIEfDe
P0542,C3xWBjEC
P0543,CzXFGYgW
P0544,CBJQ8i59
P0545,Cbrj3tsv
P0546,CcE6O9JA
P0547,CPtEAzGX
P0548,CvwYr9Pe
P0549,CtrSePWj
P0550,CwSONBlh
P0551,CLkKMXyq
P0552,CgzImHjL
P0553,COYPSlbD
P0554,CzesCSrY
P0555,CTXekKwY
P0556,CWp197qK
P0557,CPtEAzGX
P0558,CXxqdY72
P0559,C3YEgl2y
P0560,Cbtp8vXq
P0561,Cb1Bt9xO
P0562,C1nrqpx4
P0563,CBwN7jVu
P0564,CYerlO81
P0565,CjZ1ftMG
P0566,CTxPNHYX
P0567,CQmRWYNK
P0568,C4nfwcEF
P0569,CbkJCdAp
P0570,CzwfjWDB
P0571,CVFcXGJ7
P0572,CyFPB8ov
P0573,CJaSuenC
P0574,Cbau9riH
P0575,C47fGAMd
P0576,CewaCi8l
P0577,CEc0kxUa
P0578,CC5oJNvm
P0579,C5ZQWB8F
P0580,CgfR5QBP
P0581,C5xPyFmJ
P0582,CriPU5gu
P0583,CJSrych9
P0584,ChPmBZf5
P0585,CpDhNig0
P0586,CaEBRwog
P0587,Ct2JpAL8
P0588,CZkVJPlh
P0589,CvAULsbF
P0590,CED8M4Rr
P0591,C2gaE8R3
P0592,CeBud6gU
P0593,C13wnNDf
P0594,CHegOG2J
P0595,CNaf10xZ
P0596,CFuXe4H1
P0597,CqfAFzNL
P0598,CyUH8SbZ
P0599,C3b0zpFC
P0600,CxRtKH5J
P0601,CFP3yVJg
P0602,CTw7DSbZ
P0603,CNCzH8mp
P0604,Ci3sKxuG
P0605,CjwKQo0a
P0606,CDk7Go2C
P0607,CrjTtGYe
P0608,CVzK75fY
P0609,CeZu4JFB
P0610,C5NwatSG
P0611,CGSkzwum
P0612,CEFvqyC1
P0613,Clvdb4mo
P0614,CSnhWDuR
P0615,CL7CVbhR
P0616,CxM3oZS0
P0617,Cux18VU6
P0618,CkiRUl9h
P0619,CnEwliLx
P0620,CsL0tSyA
P0621,CZ6woFfN
P0622,C4FkA7KP
P0623,CG5vPi1S
P0624,CAZiGNKf
P0625,ClNovGWM
P0626,CL54rfJp
P0627,CtdJ6Mz7
P0628,Cqlp1LhY
P0629,CydXO7Jg
P0630,C9DceJ2S
P0631,CMCXikY1
P0632,CTPRxi8U
P0633,CfOsF5AL
P0634,CxpFG23D
P0635,CKgPwj2O
P0636,CYIuiLhG
P0637,CVf9QDp2
P0638,Cz6pq3ma
P0639,CABjqSRX
P0640,CIZ7HzME
P0641,C6H5Qae7
P0642,CHegyKxf
P0643,CHUzqkXf
P0644,C4DShxej
P0645,C2BTrxz1
P0646,CORwEZUM
P0647,CPO3gonD
P0648,CZHG4mDF
P0649,CpxZTVI9
P0650,CVMlys2K
P0651,CdoPweLJ
P0652,CEdSzCGy
P0653,CGJjMdPe
P0654,CdWXg43R
P0655,CDvzTM98
P0656,CwzyF4ns
P0657,Cuhj0e2v
P0658,CmoBXDkW
P0659,C7OAyj9d
P0660,Cg7UKYSO
P0661,ChKokiIM
P0662,C5gypBY2
P0663,Ck8ioPQz
P0664,CVauBmFz
P0665,Ci8k9mRP
P0666,C4rIOfiT
P0667,CNbPahjE
P0668,CqslcRgz
P0669,CjeUJBnv
P0670,Cc3bQH1p
P0671,C7kIgPHn
P0672,CRYC6bUp
P0673,CrR7yGPH
P0674,C8XhOElR
P0675,Cn05p9hx
P0676,CkSBA3vl
P0677,CHgl2BPn
P0678,CipTaHzU
P0679,CUp9w1Gn
P0680,C0FdtiB9
P0681,CORv3a0x
P0682,CHaqQL6v
P0683,CPanVltR
P0684,C8v4nfaz
P0685,CtaMPhIQ
P0686,CDs6cHap
P0687,CTKBxNnU
P0688,CmLxwlSI
P0689,CCphBu80
P0690,CAZiGNKf
P0691,CZswz7Um
P0692,C29R4ITV
P0693,CIPFMvJZ
P0694,CtiqaDWy
P0695,CbSoXdQ4
P0696,CAQgmHrU
P0697,CRJ5NLcS
P0698,Ch2BHLXK
P0699,CCKUcI3E
P0700,C9hKF7Ug
P0701,Ck73sT42
P0702,CfVlothX
P0703,CtYosMhf
P0704,Cp3lTPYX
P0705,CdD2FkVO
P0706,CAvBCKeE
P0707,C27hzjtX
P0708,Ct0LguS5
P0709,CJIvapBz
P0710,CY60NqPT
P0711,CJubHxoj
P0712,Ctj8YSZU
P0713,CgnP4Qct
P0714,Cp3lTPYX
P0715,C7h6aemN
P0716,CzfwWrQ5
P0717,CcLoWp76
P0718,CMhjw8nS
P0719,CNv0Md8a
P0720,CK9yGSac
P0721,CYuLPibf
P0722,CgDR6lJz
P0723,CsL0y2QM
P0724,CAS5jnK0
P0725,Cqevbjn9
P0726,CImT1EPU
P0727,CPEwDMf1
P0728,CqtT7xPI
P0729,CYbNvGhp
P0730,CuoOUhTB
P0731,CtReoF3h
P0732,CZy4w2ch
P0733,CYuLPibf
P0734,CqCegR7H
P0735,C7gKHfGm
P0736,CsvQA3Hr
P0737,Cqevbjn9
P0738,CcCNmjnV
P0739,CgnP4Qct
P0740,C1K0Nd4p
P0741,Cy8xFMjw
P0742,CNJTK4wL
P0743,CsSAfYjl
P0744,CN1TdPBS
P0745,C0aqIQTe
P0746,CLwBJWEX
P0747,CNOBqnIu
P0748,C5JtQY4y
P0749,CsSAfYjl
P0750,CjmKf4Ye
P0751,Cl8WOdys
P0752,CqtT7xPI
P0753,Cmt1aWZC
P0754,CizcKmoA
P0755,CUwdkKBe
P0756,CXcmspt2
P0757,CvAbNweW
P0758,C2goqDNz
P0759,CdD2FkVO
P0760,CdMAPyeO
P0761,C0SqA9pX
P0762,CnaxJRg4
P0763,CcVyFJmb
P0764,CuoOUhTB
P0765,CT83lwGS
P0766,CcCNmjnV
P0767,CcL2hSTM
P0768,CkRXHh9W
P0769,C25UFkmg
P0770,CORhc32v
P0771,CvJ5cXnV
P0772,CK9yGSac
P0773,CxX8Asrj
P0774,CCH0qhgD
P0775,CdD2FkVO
P0776,CXoEFHJj
P0777,CsL0y2QM
P0778,CYL5mdNB
P0779,Cdi72XUo
P0780,CTqN8WYM
P0781,C1NYXPFp
P0782,C89NqIEw
P0783,C4aZ1glH
P0784,CaDYBCbg
P0785,C80RBg6K
P0786,Ce8VZnAg
P0787,CDb8JufZ
P0788,C89NqIEw
P0789,CCqS8AzG
P0790,CPC3bcR8
P0791,Cf3tNsPF
P0792,Cv8jPO2N
P0793,CdBbgxDP
P0794,CXuYSdR7
P0795,C0TcWjwJ
P0796,CQU0krcH
P0797,CWQu09rw
P0798,C2gusyzO
P0799,C27hzjtX
P0800,CzrdGL2j
P0801,C2YEs0VK
P0802,CrUi3JdO
P0803,CkR7LJFX
P0804,COxCq5FL
P0805,C3AgBxDy
P0806,CrhftjWg
P0807,CDb8JufZ
P0808,C59tzEr6
P0809,CkR7LJFX
P0810,CcCNmjnV
P0811,CoWDfSE1
P0812,CDdRJsPe
P0813,CcVyFJmb
P0814,CUzPTafJ
P0815,CHjS46lx
P0816,CYL5mdNB
P0817,C6VhJRbN
P0818,CKwQGt13
P0819,CvJ5cXnV
P0820,CFlmu9MZ
P0821,CWMzbNdj
P0822,CXV8s2ZM
P0823,CUziehDW
P0824,Ct0LguS5
P0825,Cq89NTEp
P0826,C93qJAx2
P0827,CBPO4esa
P0828,CgpAXYcr
P0829,CWMzbNdj
P0830,CKzs5tNZ
P0831,CUziehDW
P0832,CgndhKqQ
P0833,CdxV5QOP
P0834,Csh9SApa
P0835,CWeOF3QG
P0836,CGe6tZ1J
P0837,ChlLvEiK
P0838,CQ0vLKlW
P0839,CQdNrDpk
P0840,Cxl01s7J
P0841,CKpIcGLH
P0842,CkRXHh9W
P0843,C7qdpjkE
P0844,CDdRJsPe
P0845,CFr0N8UZ
P0846,CHQRybc3
P0847,Cb2fLZQU
P0848,CuoOUhTB
P0849,C28DTrS0
P0850,Cci5tRQk
P0851,Clo3miaj
P0852,CzfwWrQ5
P0853,CdBbgxDP
P0854,CvDzCdF9
P0855,CELt840B
P0856,Cp4JVXP0
P0857,CPW5l8K1
P0858,CGFsTUaB
P0859,C2wPYaAH
P0860,CrMZxseP
P0861,C3ByO5YW
P0862,CbauysCr
P0863,CNpD0BuW
P0864,CrMZxseP
P0865,CYbNvGhp
P0866,CQU0krcH
P0867,CAOXKczB
P0868,CBXZMkFy
P0869,CFr0N8UZ
P0870,CAsexgcw
P0871,CWeOF3QG
P0872,CHQRybc3
P0873,CCKi4GwA
P0874,CXV8s2ZM
P0875,CWAJKn1C
P0876,CB3D1bSu
P0877,Cmt1aWZC
P0878,CpSxJRPT
P0879,CNv0Md8a
P0880,CFlmu9MZ
P0881,CVThQRsS
P0882,C0t8jAS2
P0883,CHUpmg7v
P0884,CgpAXYcr
P0885,CoYl6VEd
P0886,C89NqIEw
P0887,C25UFkmg
P0888,CY60NqPT
P0889,CxX8Asrj
P0890,CPEI8RYD
P0891,CDb8JufZ
P0892,C2goqDNz
P0893,C6NMbpn5
P0894,CMNAgOnm
P0895,CtQbzsv4
P0896,CNijPtMr
P0897,CpHwqlGi
P0898,C0t8jAS2
P0899,CpHwqlGi
P0900,CsvQA3Hr
P0901,CxuJIDhR
P0902,CLwBJWEX
P0903,C2Nv3FIa
P0904,CK1xQURd
P0905,CsSAfYjl
P0906,CNJTK4wL
P0907,CzI9aLGP
P0908,CnHUMR0L
P0909,CZmUcQSq
P0910,Cy0jsQN9
P0911,C7qdpjkE
P0912,CaDYBCbg
P0913,C2wPYaAH
P0914,CVZpsbHL
P0915,CHUpmg7v
P0916,CbauysCr
P0917,CHUpmg7v
P0918,CXoEFHJj
P0919,CE01sPe9
P0920,CK1xQURd
P0921,C0irXdfR
P0922,CqMSzdG7
P0923,C2Nv3FIa
P0924,CG8tIqAE
P0925,CMUcLVOy
P0926,CDdRJsPe
P0927,C3AgBxDy
P0928,C2gusyzO
P0929,CNOBqnIu
P0930,ClpZqyiM
P0931,C0aqIQTe
P0932,CSroibGw
P0933,C7gKHfGm
P0934,CNijPtMr
P0935,CyZQaFrh
P0936,Cf8qitL7
P0937,C7orPCdv
P0938,CizcKmoA
P0939,CdD2FkVO
P0940,Cxl01s7J
P0941,C4aZ1glH
P0942,Cjbt9Wfy
P0943,CNL9X7tg
P0944,Cp4JVXP0
P0945,CJubHxoj
P0946,CBrFjtL3
P0947,CpHwqlGi
P0948,CN1TdPBS
P0949,CtReoF3h
P0950,CVZpsbHL
P0951,C02OrKFL
P0952,CmavZcnN
P0953,CydVu5iD
P0954,CC28yiPY
P0955,CzI9aLGP
P0956,C59tzEr6
P0957,CELt840B
P0958,CSroibGw
P0959,CWLrSmxd
P0960,CfVlothX
P0961,CWJ5Tq2p
P0962,Co0yR1dD
P0963,CkbadKpF
P0964,CSroibGw
P0965,CUziehDW
P0966,ClxE861J
P0967,CT83lwGS
P0968,CgDR6lJz
P0969,CNv0Md8a
P0970,CLwBJWEX
P0971,CWksm6Ji
P0972,CXuYSdR7
P0973,CsiqY8py
P0974,CR5iJpwg
P0975,CNe3nFyB
P0976,CResA1ki
P0977,CTwy7YAG
P0978,CbNPrgvK
P0979,CcLoWp76
P0980,CA2U5WDt
P0981,COJXPzaV
P0982,CNJTK4wL
P0983,C25UFkmg
P0984,CbauysCr
P0985,CHUpmg7v
P0986,CORhc32v
P0987,Cdi72XUo
P0988,CgpAXYcr
P0989,CbCowHYt
P0990,CTS8iNUX
P0991,CenWlIj8
P0992,CO2PbwDy
P0993,CcL2hSTM
P0994,COxCq5FL
P0995,CkbadKpF
P0996,CcCNmjnV
P0997,ChOWQvek
P0998,CAytbSwB
P0999,C0QgzyNi
