人员编号,特征码Top1
P0000,CbsZdD70
P0001,Ct37PTcS
P0002,C9Yu7nHp
P0003,Cp3g58MG
P0004,C2HLXJ3m
P0005,C4EpecoJ
P0006,CrEG0QVb
P0007,CbCFZ9eq
P0008,C6RLpO1u
P0009,CG6Pv89K
P0010,CyUG104t
P0011,C9nSYmKr
P0012,C6S4Pa8f
P0013,Ccd5R8K9
P0014,CALpnQ1B
P0015,CPruN0GT
P0016,Ca1VoXuZ
P0017,C0UuwKOh
P0018,CyUG104t
P0019,CKbxhvMw
P0020,CbsZdD70
P0021,Ccd5R8K9
P0022,CyUG104t
P0023,CPruN0GT
P0024,CYA6mjGh
P0025,CHuDBpxW
P0026,CtAfvdW3
P0027,CizRADpn
P0028,CYA6mjGh
P0029,CHuDBpxW
P0030,CyUG104t
P0031,CrSiqgEh
P0032,C6XWZ03c
P0033,Ccd5R8K9
P0034,CyUG104t
P0035,CizRADpn
P0036,CnMdqKxh
P0037,Ct37PTcS
P0038,CjorfNR2
P0039,CtCEjDGY
P0040,CJZeC7fL
P0041,C4EpecoJ
P0042,CdN5rRm7
P0043,CPruN0GT
P0044,C6XWZ03c
P0045,Ct37PTcS
P0046,CyUG104t
P0047,CiGnSsLV
P0048,CJZeC7fL
P0049,Ccd5R8K9
P0050,CO2f7vro
P0051,Cmc6fU1A
P0052,CF9eYyZN
P0053,C63WkzIM
P0054,COgJk1So
P0055,CCMLouzj
P0056,COmtQE5l
P0057,CXP2RrDL
P0058,CLMgZcbV
P0059,CPBIZEaL
P0060,CxYaBiS6
P0061,CvP60Nd3
P0062,CHv64kDF
P0063,C9XZOhJE
P0064,CIzgptud
P0065,COnjd4RU
P0066,CTsdtS1Z
P0067,CA9jDCaN
P0068,C8a7OEk9
P0069,CIYzZkqa
P0070,CBoWdRjg
P0071,CWxRFoqY
P0072,CXuAeSWd
P0073,CbQJvMcm
P0074,CUIOY9Tr
P0075,CUDucb9S
P0076,CZmfB0EG
P0077,ChLi6PIc
P0078,Ch5qTJQB
P0079,C9XZOhJE
P0080,Cx2IlyEv
P0081,C7usho0S
P0082,Cb8HeUpK
P0083,CQlCJsWr
P0084,C9XZOhJE
P0085,Ca5zmUTY
P0086,CqaurOBm
P0087,CpJW4mcg
P0088,Ci1b0JqK
P0089,CipZUWga
P0090,Cv8SMUps
P0091,C403zYdO
P0092,CAwty7XC
P0093,CipZUWga
P0094,CINxpPAR
P0095,CEr6yhNY
P0096,CdIZzFc6
P0097,CUIOY9Tr
P0098,CQHh25nD
P0099,C0FpovJV
P0100,Cj38OE1e
P0101,Cbmd8TWE
P0102,CXIb5TrJ
P0103,CUaZuSKN
P0104,CH4cqZiO
P0105,CzCk4nc6
P0106,CZ7Lr9yz
P0107,CFmVLCXw
P0108,CpbQTArh
P0109,CVu79zCs
P0110,C1OXryhi
P0111,CjRsqD3l
P0112,Cj38OE1e
P0113,CuyW2J4Y
P0114,C3ezR4GH
P0115,Cjpnbg7G
P0116,CIUNfJqV
P0117,Ce5FP2kV
P0118,CZ7Lr9yz
P0119,CtA7JNZi
P0120,CN49pj5l
P0121,CDwunYH9
P0122,C9VwdKkn
P0123,CQ94S6rX
P0124,CV5vC0oU
P0125,C41NTIuk
P0126,CtMfbJn2
P0127,CcVLdIOQ
P0128,CJ8oMgec
P0129,CejgKN8o
P0130,CLYUP7KS
P0131,CA0I5M1O
P0132,CMgqQtXB
P0133,Ce5FP2kV
P0134,CHL1mG8N
P0135,CEHZ8SjL
P0136,CEHfDcO9
P0137,Cemv2tD3
P0138,CB63qgUz
P0139,CIHD5pTK
P0140,CIhkFdPL
P0141,Cji43ok0
P0142,CXgC9aK7
P0143,CzHgQ65P
P0144,CIKxwzVJ
P0145,CpA0qMCR
P0146,CieoHKXD
P0147,CRiG8FS1
P0148,CwXASK6j
P0149,CEQK4pHN
P0150,C7QbVKq0
P0151,C9V6tSvO
P0152,Cy5Gse0C
P0153,CqEmWDod
P0154,CcoiLyVY
P0155,C2nBkNuq
P0156,CVBNAY9m
P0157,CyNFZwlW
P0158,CB2Yz0VG
P0159,CX9RfJGi
P0160,CawPlVp2
P0161,CdaRWorl
P0162,Cdf52hgK
P0163,Cymt97rw
P0164,CMtpbeWd
P0165,C4tlnf7j
P0166,Cisazp8v
P0167,CTcHelCz
P0168,Cu5jKzQE
P0169,C2d7sXKc
P0170,CNhD8Zx7
P0171,C423grIq
P0172,Czha4t6F
P0173,C8PWYsBm
P0174,C9KOIQlb
P0175,C7yHMuJm
P0176,CEWqlmeA
P0177,CO5cNoY6
P0178,CLBGQuSV
P0179,CgJQiNMm
P0180,CMRHhsUY
P0181,CzT0Fvk1
P0182,C413K9JE
P0183,ClUDSPM1
P0184,CGFmf1TI
P0185,CWN1MFhr
P0186,CvI5KPB0
P0187,ClUDSPM1
P0188,CSBRhzsK
P0189,CRbjMh3a
P0190,CDMX1LzH
P0191,CtHCE5Mm
P0192,CjDhHNvW
P0193,Clu8aWzf
P0194,COBUyuKl
P0195,ClOIuJRa
P0196,CLZq5k7R
P0197,CzT0Fvk1
P0198,Cc19k4lf
P0199,Cht4uUdn
P0200,CE5WS1uT
P0201,C72XmCeN
P0202,CewHOMN6
P0203,CpxZ3eh7
P0204,Cfa9vct5
P0205,C7SRwLul
P0206,CiAw6rlO
P0207,C3bYfj9E
P0208,CwIq9ZGA
P0209,CAu4UH8F
P0210,Cdo48gRU
P0211,CVXR58OP
P0212,Cashd8l5
P0213,CNLmtX0f
P0214,CmNSI9Qk
P0215,CdpT941e
P0216,COose1jB
P0217,CtJLABQG
P0218,C6uI1wVo
P0219,CnGPVxlT
P0220,COnMxtqo
P0221,Cq3f2T4c
P0222,CXuzMwCs
P0223,CGfhgdtk
P0224,CNYEqkmf
P0225,Cx3GtcoO
P0226,CO1XpmYi
P0227,C0HbPfM7
P0228,CwbgHqIa
P0229,CKzuRMIg
P0230,CvKN1UtI
P0231,CEFGXV0q
P0232,CaqYPljW
P0233,CyHVgXQq
P0234,CgsB6P3i
P0235,CJyZETOR
P0236,Ce0ladTH
P0237,CU1ONmM9
P0238,C1UyXF6Z
P0239,CvtMV1sZ
P0240,CFOMwCRf
P0241,CLaIYf1G
P0242,CpaBqoKb
P0243,CGfhgdtk
P0244,Cnj8Jig6
P0245,C8dNMWRV
P0246,CVK2bdvj
P0247,CmfSTsU4
P0248,CArvlbz2
P0249,CIeM4aV7
P0250,CR7YpWAb
P0251,C7VA8kN6
P0252,Cy5O1Mz9
P0253,COHFkbAr
P0254,CviBK6qS
P0255,Cymt97rw
P0256,CknmZ90R
P0257,CsImeWAQ
P0258,CHcGd1Q7
P0259,Cl4PjbxY
P0260,Ccw39WAJ
P0261,Ca8QjPFN
P0262,CyzIpKVe
P0263,CJyZETOR
P0264,CKWEawMB
P0265,CCov09Qf
P0266,C64TCtyA
P0267,CGhyj6FX
P0268,ChGxXNko
P0269,ClWM3Eey
P0270,CA8W40rb
P0271,CWz9k4Yp
P0272,CIv0O3rl
P0273,CI3zY4f7
P0274,CHcGd1Q7
P0275,CdDkFvpA
P0276,C2evxQR9
P0277,CybQd40s
P0278,CN5GXb9Z
P0279,CpF2Mq4x
P0280,CT2FqzhQ
P0281,C1zfXSkN
P0282,CQiLzp2T
P0283,Cweuda5D
P0284,CzRHUXtN
P0285,CVADlFw5
P0287,C2nBkNuq
P0288,CyS3OriF
P0289,CCrfg6WQ
P0290,C26GNraT
P0291,CPir7IGc
P0292,CuY8BG7p
P0293,CqMTAkRZ
P0294,CjlbO6Ja
P0295,CmgFVkcB
P0296,C4ZDsHL8
P0297,C2FdgmpU
P0298,CYnv7kgt
P0299,C97hxnKb
P0300,CioFP12L
P0301,CcmNlCVR
P0302,CIeBc1s2
P0303,CAx6jHTz
P0305,ClG7Yyx9
P0306,C2TbsYW7
P0307,C1cWf8tH
P0308,Cl4PjbxY
P0309,C1zfXSkN
P0310,CvPMQdH2
P0311,C9N6vyMl
P0312,CzP0fwv1
P0313,C4RFqxnD
P0314,CBaTRqtU
P0315,CEFGXV0q
P0316,CVr7de5i
P0317,Cs10rw7g
P0318,CClHPnmR
P0319,CDcs0rjx
P0320,CaSpAQqO
P0321,CnRJF4Mu
P0322,CglA3FNP
P0323,Ca3y0EzT
P0324,ChGxXNko
P0325,Cr7Xuysi
P0326,CtG3QzXx
P0327,CvbqkHde
P0328,Cpw1XxvV
P0329,CvTagGfQ
P0330,CgzNkQHE
P0331,C6OkxA8H
P0332,Ci6aPq29
P0333,CDyznJuG
P0334,CbEy2X3O
P0335,CTqrfWhC
P0336,CS4z3jf2
P0337,CltLKSR9
P0338,CjOH2S6i
P0339,CHQTOu1t
P0340,CwkjUpbA
P0341,Ccugnzhb
P0342,C2odHwjE
P0343,CyWJCGbK
P0344,CI5WfKzS
P0345,CwKUR8PT
P0346,C61Lywp4
P0347,C1yK8SZs
P0348,CI751mHQ
P0349,C59tXbAF
P0350,CQ2sZ1bT
P0351,CLy0Olzg
P0352,CZFye9Ip
P0353,CDyznJuG
P0354,C413K9JE
P0355,C1yK8SZs
P0356,Cashd8l5
P0357,C4PduZOW
P0358,CJSHeFTt
P0359,C6ZrCHXc
P0360,CYtCUJ1s
P0361,CglOMR2V
P0362,C7KwUZ4s
P0363,CM45Z3pv
P0364,CFZowziP
P0365,CW0DH7ZK
P0366,C2odHwjE
P0367,Cfd8D9Re
P0368,CE5WS1uT
P0369,CO1XpmYi
P0370,Cwb8U5LZ
P0371,C90sbSzH
P0372,CNYEqkmf
P0373,CbrsvZ2o
P0374,ClG7Yyx9
P0375,CqCimo1r
P0376,CcW2CU1l
P0377,CfvZdcog
P0378,C6OJXCj2
P0379,C4Jy3pCc
P0380,CVmi8lyD
P0381,Ci3cwx4E
P0382,CvQxAdcn
P0383,C8OwhDrZ
P0384,CI419Bod
P0385,CTyZYbPe
P0386,CO1XpmYi
P0387,CisjaYQN
P0388,C6fQZ0YX
P0389,CmUSbWjv
P0390,CEktUwmf
P0391,CBynNShT
P0392,CkHvRK0m
P0393,CcmNlCVR
P0394,CfnW0kia
P0395,Ca9X7Osf
P0396,CMgU6Db0
P0397,CEXI2jN9
P0398,CxlZ9rJW
P0399,Cm5Xh3Jq
P0400,C0gec93F
P0401,Cy5RhUpz
P0402,C9W1kJLc
P0403,C8lVizv6
P0404,CYTDg1Q9
P0405,C6OJXCj2
P0406,CjlbO6Ja
P0407,C0gec93F
P0408,ChES9qzW
P0409,CdRqPUYo
P0410,CsNCL2Wr
P0411,C9FL7XVY
P0412,C3pyEY9d
P0413,CBvQS8XO
P0414,CABhGXnM
P0415,Cs10rw7g
P0416,C1yf2sZR
P0417,CWrzFK97
P0418,C19qa3B6
P0419,CpVuJqFs
P0420,CG6ITKvX
P0421,CYTAznQF
P0422,CE4zgHOv
P0423,CuGdmZL9
P0424,CwPfazSu
P0425,Cr7Xuysi
P0426,C9cr3F5U
P0427,C25IrLO3
P0428,CvJnRt0m
P0429,C5RCipL4
P0430,CuwazsHb
P0431,CIUXYqsG
P0432,CHLOeayb
P0434,CLSa42Kj
P0435,CJ8YES2M
P0436,CrTu4Lio
P0437,C0LGBW3i
P0438,CF3fEvqI
P0439,CAC50hje
P0440,Ciew9BGa
P0441,C4m3fr8V
P0442,CAhgERed
P0443,C0HbPfM7
P0444,CZlEG8oj
P0445,C74h0Zvs
P0446,CMgU6Db0
P0447,CTzSyO81
P0448,CBl6TmgD
P0449,CV5QsFeM
P0450,CXih20TY
P0451,CedXu0Vw
P0452,CS75DJHv
P0453,C28U40Tk
P0454,CzOXsAMK
P0455,Ca9X7Osf
P0456,CVmi8lyD
P0457,Cnp08tuX
P0458,CsQ9npPz
P0459,CM1vW0VS
P0460,CNYxdLRc
P0461,CnvqhtEu
P0462,CSmXiKpN
P0463,Cm5Xh3Jq
P0464,C5acs6MY
P0465,CLFfgUGp
P0466,Cjg0zXkh
P0467,C1257oqb
P0468,CdoUcZzl
P0469,CioFP12L
P0470,CuRztUEf
P0471,CmDr2T6d
P0472,CBwyGrq8
P0473,C0gec93F
P0474,CduYHhpg
P0475,CzvoiMpX
P0476,CAb7tC2m
P0477,CIOCKPYe
P0478,CUqabBOs
P0479,CcpgyCXW
P0480,Cl4PjbxY
P0481,CAHOMutX
P0482,COBkU9Rc
P0483,CyedGKnk
P0484,CBl6TmgD
P0485,CdRQKH0P
P0486,C19qa3B6
P0487,CRW4PVLT
P0488,CcsprA71
P0489,CajMFZqt
P0490,CHcGd1Q7
P0491,C3bYfj9E
P0492,C5EUNixg
P0493,CtPfM9cF
P0494,C7z3ybIO
P0495,CCf14tHm
P0496,CX7wl8GP
P0497,CuTpRrFf
P0498,CpCclmQO
P0499,C1yK8SZs
P0500,CjsDWwcM
P0501,CYi3SAEo
P0502,CWIRE7N3
P0503,CFAdfV2q
P0504,Ck9xNHhG
P0505,Clsn2e6L
P0506,C8OyaWql
P0507,CMZGCs6n
P0508,C5EUNixg
P0509,CfqUB5Z0
P0510,COBkU9Rc
P0511,CZKTJNoS
P0512,C0ZB7C2M
P0513,CZ3tnxUc
P0514,C5FVmHln
P0515,C0m4fDst
P0516,CHo5eJD9
P0517,Cxr5JR9e
P0518,ChlRH7OA
P0519,CEK1nA64
P0520,C3g40Avo
P0521,C2tcUfMS
P0522,CjlbO6Ja
P0523,C40YwzK8
P0524,Cl4PjbxY
P0525,CaRMGKVU
P0526,C71lvN5T
P0527,CS12YqEz
P0528,CGJYTQlC
P0529,COqT3N2P
P0530,CCFVDKPY
P0531,Cl4PjbxY
P0532,Ckh3pNFw
P0533,CiH9OyPk
P0534,CkQlpGeH
P0535,C2dxeIoK
P0536,Cir3XzFZ
P0537,CUTGZ6kc
P0538,CRenzbNx
P0539,C2qUCm1o
P0540,CCF3X6kO
P0541,C1MCwajR
P0542,Cc2P3CHn
P0543,Co1bgX4O
P0544,C4KbrByh
P0545,CKBRert3
P0546,COBkU9Rc
P0547,Ca9X7Osf
P0548,CNXCh6xq
P0549,CWa9sLAh
P0550,C3ApMdE7
P0551,C4p0a6MY
P0552,CNZcwC7T
P0553,CXye2Co5
P0554,CorNt4HZ
P0555,C5JRzbw3
P0556,CjYaMRiI
P0557,CzsEhPGp
P0558,C9cr3F5U
P0559,CBynNShT
P0560,ClftmPG7
P0561,CpAbctEL
P0562,CoKLXwAj
P0563,CbaFCtc9
P0564,CJiCaZ5N
P0565,CZ3tnxUc
P0566,CAEpT9dB
P0567,CWus2dHe
P0568,Ct2XxK7r
P0569,CtK18SIL
P0570,CN5GXb9Z
P0571,COUWCToK
P0572,CN8cLnQI
P0573,Cb16jfgo
P0574,CglA3FNP
P0575,CvjTor0z
P0576,CtMoDwjO
P0577,C9F0otIR
P0578,CBcYn9MJ
P0579,CzAYJa3C
P0580,C8a14O9Y
P0581,CtLXfzBO
P0582,CEktUwmf
P0583,CTzSyO81
P0584,CzP0fwv1
P0585,Cs2PGiqQ
P0586,CSpzovdI
P0587,CrNKTmhj
P0588,CQ5ce3zi
P0589,CK8F7yBN
P0590,C9NF2KHI
P0591,C1257oqb
P0593,Cxr5JR9e
P0594,CH2vpkmF
P0595,Carn1Vtf
P0596,CVmi8lyD
P0597,CyXjRpJ9
P0598,CnYk0U8z
P0599,C8lVizv6
P0600,CGFmf1TI
P0601,C5TFelQk
P0602,Cca3F9vP
P0603,CYkGlLzP
P0604,CcXlvZaz
P0605,C6SGmx31
P0606,CiFras1t
P0607,CyCEirA8
P0608,CrDTq4ES
P0609,CYZ3vaPf
P0610,CaRdO4Kn
P0611,ClBvgRi8
P0612,CAkZqeyg
P0613,Cma7Nvjg
P0614,CuwmLkc3
P0615,CuZ1D5sR
P0616,C4ZDsHL8
P0617,C94fVNy3
P0618,C4XrH76U
P0619,C2uinD7S
P0620,CHqxJN6C
P0621,CYSQilpP
P0622,CN5GXb9Z
P0623,CZY8BsKH
P0624,CVtbmSJ5
P0625,CtK18SIL
P0626,CeGwidYF
P0627,CuZ1D5sR
P0628,CLq8or4j
P0629,CkHb9a4C
P0630,Cprm0Y8V
P0631,CXUp5Eyw
P0632,CbCRmyed
P0633,CO2t9yi6
P0634,CqQOpgX5
P0635,CWkU4pi9
P0636,CxtzZgTK
P0637,COswDofC
P0638,CoafdWS6
P0639,CMzvPJE2
P0640,CpbQTArh
P0641,Cy5RhUpz
P0642,CwIZg3yc
P0643,C1jlTKiw
P0644,CS4z3jf2
P0645,Cl4PjbxY
P0646,C7KwUZ4s
P0647,CwkKszrX
P0648,C1q2QfC6
P0649,CVnESPUL
P0650,CVjvnofe
P0651,CxEf9bD3
P0652,C7hU3tQl
P0653,CRJIy9ox
P0654,CZbUh493
P0655,CV2Mnbp1
P0656,Cz5HXKOs
P0657,CDF2MmUi
P0658,Cka5fx4V
P0659,ClUDSPM1
P0660,Ccw39WAJ
P0661,CmEhTeJg
P0662,CpavfITS
P0663,CPAedh0W
P0664,Ci6aPq29
P0665,CMQhnpLS
P0666,C1WmheEZ
P0667,Ch3giwXc
P0668,CEe12Z0d
P0669,CziMulBE
P0670,CWGBmX1s
P0671,CYiO6jB8
P0672,CNYEqkmf
P0673,Cdw7v8rb
P0674,C19qa3B6
P0675,CqPrFZkV
P0676,CP189eus
P0677,CZ7v6t0M
P0678,CjkW8Y1M
P0679,CqONJIkw
P0680,C2hk6lOx
P0681,C6azbOEf
P0682,C6OJXCj2
P0683,CULPk7j9
P0684,CYMjzxFS
P0685,CKqEX6vf
P0686,CpaBqoKb
P0687,CFcPy1vn
P0688,CyXgRTo4
P0689,Cu6YOC2i
P0690,CTI14SiQ
P0691,C9Nq3Ara
P0692,CTGHRQlz
P0693,CWnx4kT3
P0694,C9hzuCD3
P0695,ClUDSPM1
P0696,CJzcUqEY
P0697,C3CADf7w
P0698,Cdo48gRU
P0699,CjC4smuE
P0700,CC8R2Br7
P0701,Cst3Rf5B
P0702,C89aIcV0
P0703,C8YySWrX
P0704,CVBNAY9m
P0705,Ct37PTcS
P0706,ChDnMkJd
P0707,C8YySWrX
P0708,CH4cqZiO
P0709,C4EpecoJ
P0710,CIfG8y2H
P0711,C3IphdgN
P0712,CAbczTZN
P0713,CzsBCtJV
P0714,CuFZyHBI
P0715,C3IphdgN
P0716,CaKwFOnS
P0717,Czgk0GYP
P0718,CS1x3ikX
P0719,C5IS9sfA
P0720,CVBNAY9m
P0721,CG6Pv89K
P0722,CuFZyHBI
P0723,CY3QxNGS
P0724,CWHNUqg8
P0725,CMcFAX3U
P0726,CrM2CSAQ
P0727,CxKbnR4a
P0728,CAbczTZN
P0729,CesnjYL7
P0730,CvSGXstq
P0731,CxKbnR4a
P0732,CZyV2kFP
P0733,CfHkWgu1
P0734,CnT6Qsmk
P0735,C3IphdgN
P0736,CfXwoTOI
P0737,CUChnGHN
P0738,CS9iDtdL
P0739,CxKbnR4a
P0740,C5jmZA4C
P0741,C4EpecoJ
P0742,CH9Dw4fE
P0743,CH73lCi5
P0744,C6S4Pa8f
P0745,C4EpecoJ
P0746,CvSGXstq
P0747,CeJ5hVHC
P0748,C6S4Pa8f
P0749,CBNoRdpG
P0750,CS9iDtdL
P0751,C3IphdgN
P0752,C6S4Pa8f
P0753,C6DFnBUV
P0754,CnidxT1X
P0755,CH73lCi5
P0756,CwIq9ZGA
P0757,C9MSH7il
P0758,Cmlrf5yj
P0759,CVX2ncRk
P0760,CLS8EYq6
P0761,C6DFnBUV
P0762,CfLixNYv
P0763,CeJ5hVHC
P0764,C5jmZA4C
P0765,C4EpecoJ
P0766,CS9iDtdL
P0767,CzPs5okV
P0768,CdgL9UwO
P0769,CBNoRdpG
P0770,C89aIcV0
P0771,C5IS9sfA
P0772,CFOBrvs5
P0773,C4EpecoJ
P0774,C89aIcV0
P0775,CbCFZ9eq
P0776,Cold2LWV
P0777,CwIVv75L
P0778,CaJvM9G1
P0779,CtoVsWyb
P0780,CfXwoTOI
P0781,CBqcskJL
P0782,CS1x3ikX
P0783,Cr1EWmdC
P0784,CeFcL6NO
P0785,CfHkWgu1
P0786,C89aIcV0
P0787,Cht4uUdn
P0788,Cold2LWV
P0789,CaKCso5J
P0790,C89aIcV0
P0791,Cr1EWmdC
P0792,Cz6kS7JO
P0793,C5KsbIAx
P0794,C89aIcV0
P0795,CeJ5hVHC
P0796,C5jmZA4C
P0797,CQ9kOY72
P0798,CS9iDtdL
P0799,CUu7L3BD
P0800,CLtyfAj4
P0801,CEG9VAFO
P0802,CpJzZr7C
P0803,CrSiqgEh
P0804,C6S4Pa8f
P0805,Ct37PTcS
P0806,C9Yu7nHp
P0807,CtoVsWyb
P0808,C1nGMeTE
P0809,C4EpecoJ
P0810,CVtJIOo3
P0811,CkXlLpsE
P0812,CLS8EYq6
P0813,CT4EwV2q
P0814,CLrUmMRV
P0815,CclhIVnC
P0816,CFOBrvs5
P0817,CRTkd6nK
P0818,C413K9JE
P0819,CpTq3Ike
P0820,C6S4Pa8f
P0821,CBNoRdpG
P0822,CvSGXstq
P0823,CtfmwLRa
P0824,CMtpbeWd
P0825,C9MSH7il
P0826,CmQfc8pz
P0827,CvLPMu7w
P0828,CfXwoTOI
P0829,C6vldesj
P0830,CIfG8y2H
P0831,CAiLgrTS
P0832,CuhnoMsy
P0833,Cck6PDZF
P0834,CNoHDjav
P0835,CvhbQX8p
P0836,CLtyfAj4
P0837,CRTkd6nK
P0838,ChJFuB98
P0839,C7GmXwdD
P0840,COUrW867
P0841,C4EpecoJ
P0842,CS1x3ikX
P0843,CKbxhvMw
P0844,CzfeFg8T
P0845,C4EpecoJ
P0846,CLrUmMRV
P0847,CUu7L3BD
P0848,CwIq9ZGA
P0849,CBNoRdpG
P0850,C89aIcV0
P0851,CRJVD1eZ
P0852,CxzgUGDo
P0853,C4EpecoJ
P0854,CjI5blD0
P0855,CeJ5hVHC
P0856,CHgtnkLA
P0857,Cck6PDZF
P0858,C89aIcV0
P0859,CoM7crtF
P0860,CdgL9UwO
P0861,Cck6PDZF
P0862,CqfSCnwP
P0863,CUu7L3BD
P0864,C1nGMeTE
P0865,CN48PTQK
P0866,CQ1zTXA6
P0867,C2gcEdP7
P0868,C6S4Pa8f
P0869,CuqCPWbX
P0870,CLrUmMRV
P0871,CH73lCi5
P0872,CxzgUGDo
P0873,CMcFAX3U
P0874,C9Yu7nHp
P0875,C8YySWrX
P0876,CZyV2kFP
P0877,CaKCso5J
P0878,CvUf6IZJ
P0879,C5IS9sfA
P0880,CHgtnkLA
P0881,C4EpecoJ
P0882,CwKAFYQU
P0883,CUu7L3BD
P0884,CSvs2HYT
P0885,C6vldesj
P0886,CNoHDjav
P0887,ChueA30P
P0888,CPzIxnsQ
P0889,C5KsbIAx
P0890,CWMxZFCg
P0891,CUu7L3BD
P0892,CLtyfAj4
P0893,CrnxkC9G
P0894,CYo23xnZ
P0895,C8q7ufn1
P0896,CZyV2kFP
P0897,CfXAe8q2
P0898,CIfG8y2H
P0899,CSstY5hC
P0900,C7oydLtx
P0901,C4EpecoJ
P0902,CYo23xnZ
P0903,C8bAHLFV
P0904,CEWqlmeA
P0905,CAly9NdZ
P0906,CDIfpSqH
P0907,CPzY21vL
P0908,CbsZdD70
P0909,C9MSH7il
P0910,CWMxZFCg
P0911,CH73lCi5
P0912,CwIq9ZGA
P0913,CkRq6JDL
P0914,CRYykUvZ
P0915,CeJ5hVHC
P0916,C5jmZA4C
P0917,CuqCPWbX
P0918,C89aIcV0
P0919,CH73lCi5
P0920,C6S4Pa8f
P0921,CT4EwV2q
P0922,CwpKFRUv
P0923,C8q7ufn1
P0924,CLtyfAj4
P0925,Cp8cinv4
P0926,CCRAasV2
P0927,C5IS9sfA
P0928,CZyV2kFP
P0929,C9LxhvzP
P0930,Cmigx5HS
P0931,C8q7ufn1
P0932,C6S4Pa8f
P0933,CvBP7Mxg
P0934,Cg7YLySP
P0935,C1d3jTJl
P0936,CEBRYeP1
P0937,C4EpecoJ
P0938,CjI5blD0
P0939,C3IphdgN
P0940,Cq4Ii9uz
P0941,CuGAUb6x
P0942,CjI5blD0
P0943,C8YySWrX
P0944,CuhnoMsy
P0945,C6DFnBUV
P0946,CeJwUHoj
P0947,CSyqG4A9
P0948,CLtyfAj4
P0949,CUChnGHN
P0950,Cmlrf5yj
P0951,Cdbxnv60
P0952,CLS8EYq6
P0953,CFM0TlcD
P0954,C89aIcV0
P0955,ClOIuJRa
P0956,CuhnoMsy
P0957,CEG9VAFO
P0958,CnidxT1X
P0959,C3IphdgN
P0960,CLtyfAj4
P0961,C5CWKe7X
P0962,CqfSCnwP
P0963,CUu7L3BD
P0964,CLtyfAj4
P0965,CEG9VAFO
P0966,CIfG8y2H
P0967,C3IphdgN
P0968,C6pXBbuW
P0969,Ct37PTcS
P0970,CgU78q24
P0971,CH73lCi5
P0972,CLS8EYq6
P0973,CaKCso5J
P0974,CnidxT1X
P0975,CboXRJqa
P0976,CbsZdD70
P0977,CuGAUb6x
P0978,CfLixNYv
P0979,CtoVsWyb
P0980,CdgL9UwO
P0981,C9MSH7il
P0982,Ch1cMO4k
P0983,CnwOyzus
P0984,CktMIFqs
P0985,C2d7sXKc
P0986,CmQfc8pz
P0987,C8YySWrX
P0988,CLS8EYq6
P0989,CBNoRdpG
P0990,CS1x3ikX
P0991,Cr1EWmdC
P0992,CeFcL6NO
P0993,CkXl4LOa
P0994,CWMxZFCg
P0995,CeJ5hVHC
P0996,CLS8EYq6
P0997,CvBP7Mxg
P0998,CyUG104t
P0999,CIXwDvr7
